[{"type":"script info","name":"Adafruit Launchgrid","version":"1.0","source":"not set","midiManufacturer":"not set","midiController":"not set","initialSessionOffsetLeft":0,"initialSessionOffsetTop":0,"autoArm":"off"},{"type":"pan","name":"Pan","trackType":"specific","trackSpecificNumber":"1","midiChannel":"1","midiType":"CC","midiValue":76,"isMomentary":"no","modeListNumber":1,"encoderType":"absolute","deviceParamNumber":"selected"},{"type":"volume","name":"Vol","trackType":"specific","trackSpecificNumber":"1","midiChannel":"1","midiType":"CC","midiValue":75,"isMomentary":"no","modeListNumber":1,"encoderType":"absolute","deviceParamNumber":"selected"},{"type":"seek_backward","name":"REW","trackType":"","trackSpecificNumber":"","midiChannel":"1","midiType":"CC","midiValue":93,"isMomentary":"no","modeListNumber":1,"ledOn":"","ledOff":"","deviceParamNumber":"selected"},{"type":"seek_forward","name":"FFWD","trackType":"","trackSpecificNumber":"","midiChannel":"1","midiType":"CC","midiValue":95,"isMomentary":"no","modeListNumber":1,"ledOn":"","ledOff":"","deviceParamNumber":"selected"},{"type":"record","name":"Rec","trackType":"","trackSpecificNumber":"","midiChannel":"1","midiType":"CC","midiValue":90,"isMomentary":"no","modeListNumber":1,"ledOn":"","ledOff":"","deviceParamNumber":"selected"},{"type":"loop","name":"Loop","trackType":"","trackSpecificNumber":"","midiChannel":"1","midiType":"CC","midiValue":94,"isMomentary":"no","modeListNumber":1,"ledOn":"","ledOff":"","deviceParamNumber":"selected"},{"type":"arm","name":"Arm","trackType":"specific","trackSpecificNumber":"1","midiChannel":"1","midiType":"CC","midiValue":99,"isMomentary":"no","modeListNumber":1,"ledOn":"","ledOff":"","deviceParamNumber":"selected"},{"type":"mute","name":"Mute","trackType":"specific","trackSpecificNumber":"1","midiChannel":"1","midiType":"CC","midiValue":101,"isMomentary":"no","modeListNumber":1,"ledOn":"","ledOff":"","deviceParamNumber":"selected"},{"type":"solo","name":"Solo","trackType":"specific","trackSpecificNumber":"1","midiChannel":"1","midiType":"CC","midiValue":100,"isMomentary":"no","modeListNumber":1,"ledOn":"","ledOff":"","deviceParamNumber":"selected"},{"type":"play","name":"Play","trackType":"","trackSpecificNumber":"","midiChannel":"1","midiType":"CC","midiValue":92,"isMomentary":"no","modeListNumber":1,"ledOn":"","ledOff":"","deviceParamNumber":"selected"},{"type":"stop","name":"Stop","trackType":"","trackSpecificNumber":"","midiChannel":"1","midiType":"CC","midiValue":91,"isMomentary":"no","modeListNumber":1,"ledOn":"","ledOff":"","deviceParamNumber":"selected"}]